{
  "seed": 42,
  "vocab": 14778,
  "n_zeroshot": 69855,
  "n_quad_with_true_mid": 69855,
  "n_hop2_unique_queries": 200,
  "chance": 6.766815536608472e-05,
  "real_hrr": {
    "standard_test_atomic": {
      "n": 20466,
      "top1": 0.26507378090491546,
      "mrr": 0.3562187931440332,
      "h1": 0.26507378090491546,
      "h3": 0.39050131926121373,
      "h10": 0.5394312518323072
    },
    "hop2_true_mid_atomic": {
      "n": 200,
      "top1": 0.055,
      "mrr": 0.12731830920743104,
      "h1": 0.055,
      "h3": 0.13,
      "h10": 0.29
    },
    "fanout_median": 37.5,
    "fanout_mean": 73.045,
    "hop2_low_fanout": {
      "n": 100,
      "top1": 0.03,
      "mrr": 0.11194351743420476,
      "h1": 0.03,
      "h3": 0.12,
      "h10": 0.32
    },
    "hop2_high_fanout": {
      "n": 100,
      "top1": 0.08,
      "mrr": 0.1426931009806573,
      "h1": 0.08,
      "h3": 0.14,
      "h10": 0.26
    }
  },
  "fhrr": {
    "standard_test_atomic": {
      "n": 20466,
      "top1": 0.25241864555848725,
      "mrr": 0.3393412928243648,
      "h1": 0.25241864555848725,
      "h3": 0.3770643994918401,
      "h10": 0.5069871982800743
    },
    "hop2_true_mid_atomic": {
      "n": 200,
      "top1": 0.095,
      "mrr": 0.16689587268264622,
      "h1": 0.095,
      "h3": 0.2,
      "h10": 0.295
    },
    "fanout_median": 37.5,
    "fanout_mean": 73.045,
    "hop2_low_fanout": {
      "n": 100,
      "top1": 0.13,
      "mrr": 0.19389759594663475,
      "h1": 0.13,
      "h3": 0.24,
      "h10": 0.32
    },
    "hop2_high_fanout": {
      "n": 100,
      "top1": 0.06,
      "mrr": 0.13989414941865758,
      "h1": 0.06,
      "h3": 0.16,
      "h10": 0.27
    }
  }
}