{
  "seed": 1,
  "vocab": 14778,
  "n_zeroshot": 69855,
  "n_quad_with_true_mid": 69855,
  "n_hop2_unique_queries": 200,
  "chance": 6.766815536608472e-05,
  "real_hrr": {
    "standard_test_atomic": {
      "n": 20466,
      "top1": 0.2688849799667742,
      "mrr": 0.36064594921246207,
      "h1": 0.2688849799667742,
      "h3": 0.3970487638033812,
      "h10": 0.544463989055018
    },
    "hop2_true_mid_atomic": {
      "n": 200,
      "top1": 0.06,
      "mrr": 0.1275403126280592,
      "h1": 0.06,
      "h3": 0.14,
      "h10": 0.29
    },
    "fanout_median": 37.5,
    "fanout_mean": 73.045,
    "hop2_low_fanout": {
      "n": 100,
      "top1": 0.06,
      "mrr": 0.12522243018114224,
      "h1": 0.06,
      "h3": 0.13,
      "h10": 0.29
    },
    "hop2_high_fanout": {
      "n": 100,
      "top1": 0.06,
      "mrr": 0.12985819507497617,
      "h1": 0.06,
      "h3": 0.15,
      "h10": 0.29
    }
  },
  "fhrr": {
    "standard_test_atomic": {
      "n": 20466,
      "top1": 0.2951724811883123,
      "mrr": 0.3913437574156781,
      "h1": 0.2951724811883123,
      "h3": 0.4372129385321997,
      "h10": 0.5798397341932962
    },
    "hop2_true_mid_atomic": {
      "n": 200,
      "top1": 0.235,
      "mrr": 0.30679716104302385,
      "h1": 0.235,
      "h3": 0.335,
      "h10": 0.45
    },
    "fanout_median": 37.5,
    "fanout_mean": 73.045,
    "hop2_low_fanout": {
      "n": 100,
      "top1": 0.25,
      "mrr": 0.3210391139387457,
      "h1": 0.25,
      "h3": 0.35,
      "h10": 0.46
    },
    "hop2_high_fanout": {
      "n": 100,
      "top1": 0.22,
      "mrr": 0.292555208147302,
      "h1": 0.22,
      "h3": 0.32,
      "h10": 0.44
    }
  }
}