{
  "seed": 2,
  "vocab": 14778,
  "n_zeroshot": 69855,
  "n_quad_with_true_mid": 69855,
  "n_hop2_unique_queries": 200,
  "chance": 6.766815536608472e-05,
  "real_hrr": {
    "standard_test_atomic": {
      "n": 20466,
      "top1": 0.26478061174631096,
      "mrr": 0.35494994683471054,
      "h1": 0.26478061174631096,
      "h3": 0.3902570116290433,
      "h10": 0.5361086680347894
    },
    "hop2_true_mid_atomic": {
      "n": 200,
      "top1": 0.06,
      "mrr": 0.13210266466834972,
      "h1": 0.06,
      "h3": 0.13,
      "h10": 0.3
    },
    "fanout_median": 37.5,
    "fanout_mean": 73.045,
    "hop2_low_fanout": {
      "n": 100,
      "top1": 0.06,
      "mrr": 0.12672892582600045,
      "h1": 0.06,
      "h3": 0.1,
      "h10": 0.3
    },
    "hop2_high_fanout": {
      "n": 100,
      "top1": 0.06,
      "mrr": 0.13747640351069898,
      "h1": 0.06,
      "h3": 0.16,
      "h10": 0.3
    }
  },
  "fhrr": {
    "standard_test_atomic": {
      "n": 20466,
      "top1": 0.2541776605101143,
      "mrr": 0.33969778031348147,
      "h1": 0.2541776605101143,
      "h3": 0.3772109840711424,
      "h10": 0.5094791361282126
    },
    "hop2_true_mid_atomic": {
      "n": 200,
      "top1": 0.075,
      "mrr": 0.1379290691225195,
      "h1": 0.075,
      "h3": 0.14,
      "h10": 0.27
    },
    "fanout_median": 37.5,
    "fanout_mean": 73.045,
    "hop2_low_fanout": {
      "n": 100,
      "top1": 0.08,
      "mrr": 0.14679377964283766,
      "h1": 0.08,
      "h3": 0.16,
      "h10": 0.26
    },
    "hop2_high_fanout": {
      "n": 100,
      "top1": 0.07,
      "mrr": 0.12906435860220133,
      "h1": 0.07,
      "h3": 0.12,
      "h10": 0.28
    }
  }
}