{
  "seed": 4,
  "vocab": 14778,
  "n_zeroshot": 69855,
  "n_quad_with_true_mid": 69855,
  "n_hop2_unique_queries": 200,
  "chance": 6.766815536608472e-05,
  "real_hrr": {
    "standard_test_atomic": {
      "n": 20466,
      "top1": 0.2693247337046809,
      "mrr": 0.3599691384732799,
      "h1": 0.2693247337046809,
      "h3": 0.3926512264243135,
      "h10": 0.544463989055018
    },
    "hop2_true_mid_atomic": {
      "n": 200,
      "top1": 0.1,
      "mrr": 0.16748303031673178,
      "h1": 0.1,
      "h3": 0.18,
      "h10": 0.315
    },
    "fanout_median": 37.5,
    "fanout_mean": 73.045,
    "hop2_low_fanout": {
      "n": 100,
      "top1": 0.11,
      "mrr": 0.17950787804710255,
      "h1": 0.11,
      "h3": 0.21,
      "h10": 0.35
    },
    "hop2_high_fanout": {
      "n": 100,
      "top1": 0.09,
      "mrr": 0.15545818258636104,
      "h1": 0.09,
      "h3": 0.15,
      "h10": 0.28
    }
  },
  "fhrr": {
    "standard_test_atomic": {
      "n": 20466,
      "top1": 0.2539333528779439,
      "mrr": 0.3400329086940113,
      "h1": 0.2539333528779439,
      "h3": 0.37872569139059903,
      "h10": 0.5100166129189876
    },
    "hop2_true_mid_atomic": {
      "n": 200,
      "top1": 0.13,
      "mrr": 0.17932498912363165,
      "h1": 0.13,
      "h3": 0.19,
      "h10": 0.285
    },
    "fanout_median": 37.5,
    "fanout_mean": 73.045,
    "hop2_low_fanout": {
      "n": 100,
      "top1": 0.15,
      "mrr": 0.1944325406555284,
      "h1": 0.15,
      "h3": 0.2,
      "h10": 0.29
    },
    "hop2_high_fanout": {
      "n": 100,
      "top1": 0.11,
      "mrr": 0.16421743759173496,
      "h1": 0.11,
      "h3": 0.18,
      "h10": 0.28
    }
  }
}