{
  "seed": 3,
  "vocab": 14778,
  "n_zeroshot": 69855,
  "n_quad_with_true_mid": 69855,
  "n_hop2_unique_queries": 200,
  "chance": 6.766815536608472e-05,
  "real_hrr": {
    "standard_test_atomic": {
      "n": 20466,
      "top1": 0.26522036548421773,
      "mrr": 0.35553062081734815,
      "h1": 0.26522036548421773,
      "h3": 0.3893286426267957,
      "h10": 0.5382585751978892
    },
    "hop2_true_mid_atomic": {
      "n": 200,
      "top1": 0.075,
      "mrr": 0.15824863816349163,
      "h1": 0.075,
      "h3": 0.17,
      "h10": 0.335
    },
    "fanout_median": 37.5,
    "fanout_mean": 73.045,
    "hop2_low_fanout": {
      "n": 100,
      "top1": 0.08,
      "mrr": 0.1702392098041431,
      "h1": 0.08,
      "h3": 0.19,
      "h10": 0.37
    },
    "hop2_high_fanout": {
      "n": 100,
      "top1": 0.07,
      "mrr": 0.14625806652284015,
      "h1": 0.07,
      "h3": 0.15,
      "h10": 0.3
    }
  },
  "fhrr": {
    "standard_test_atomic": {
      "n": 20466,
      "top1": 0.25354246066647124,
      "mrr": 0.3410332489404303,
      "h1": 0.25354246066647124,
      "h3": 0.3793120297078081,
      "h10": 0.5126062738199941
    },
    "hop2_true_mid_atomic": {
      "n": 200,
      "top1": 0.095,
      "mrr": 0.15972904886068442,
      "h1": 0.095,
      "h3": 0.19,
      "h10": 0.275
    },
    "fanout_median": 37.5,
    "fanout_mean": 73.045,
    "hop2_low_fanout": {
      "n": 100,
      "top1": 0.12,
      "mrr": 0.18298593186529288,
      "h1": 0.12,
      "h3": 0.22,
      "h10": 0.31
    },
    "hop2_high_fanout": {
      "n": 100,
      "top1": 0.07,
      "mrr": 0.13647216585607594,
      "h1": 0.07,
      "h3": 0.16,
      "h10": 0.24
    }
  }
}