{
  "seed": 3,
  "vocab": 14778,
  "n_zeroshot": 69855,
  "chance": 6.766815536608472e-05,
  "real_hrr": {
    "hop1_mid": {
      "n_pairs": 2020,
      "mrr": 0.8934208266664304,
      "h1": 0.8435643564356435,
      "h3": 0.9351485148514852,
      "h10": 0.9683168316831683,
      "median_rank": 1.0
    },
    "composition": {
      "comp_acc_deterministic": 0.00015746904301767949,
      "frac_mid_valid_atomic": 0.21918259251306277,
      "frac_mid_valid_chain": 0.15766945816333836,
      "comp_acc_given_mid_valid": 0.0004571876428711384,
      "comp_acc_given_mid_invalid": 7.333528894103843e-05,
      "n_mid_valid": 15311,
      "n_mid_invalid": 54544
    }
  },
  "fhrr": {
    "hop1_mid": {
      "n_pairs": 2020,
      "mrr": 0.8324857406714532,
      "h1": 0.752970297029703,
      "h3": 0.9,
      "h10": 0.9599009900990099,
      "median_rank": 1.0
    },
    "composition": {
      "comp_acc_deterministic": 0.00018609977811180303,
      "frac_mid_valid_atomic": 0.15550783766373202,
      "frac_mid_valid_chain": 0.039868298618567034,
      "comp_acc_given_mid_valid": 0.0009205560158335635,
      "comp_acc_given_mid_invalid": 5.085435313262815e-05,
      "n_mid_valid": 10863,
      "n_mid_invalid": 58992
    }
  }
}