{
  "seed": 42,
  "vocab": 14778,
  "n_zeroshot": 69855,
  "chance": 6.766815536608472e-05,
  "real_hrr": {
    "hop1_mid": {
      "n_pairs": 2020,
      "mrr": 0.893422217928711,
      "h1": 0.8410891089108911,
      "h3": 0.9405940594059405,
      "h10": 0.9732673267326732,
      "median_rank": 1.0
    },
    "composition": {
      "comp_acc_deterministic": 0.00012883830792355595,
      "frac_mid_valid_atomic": 0.25562951828788205,
      "frac_mid_valid_chain": 0.20349294968148307,
      "comp_acc_given_mid_valid": 0.00033600268802150415,
      "comp_acc_given_mid_invalid": 5.769452671256587e-05,
      "n_mid_valid": 17857,
      "n_mid_invalid": 51998
    }
  },
  "fhrr": {
    "hop1_mid": {
      "n_pairs": 2020,
      "mrr": 0.8259264745421816,
      "h1": 0.7396039603960396,
      "h3": 0.9034653465346535,
      "h10": 0.9529702970297029,
      "median_rank": 1.0
    },
    "composition": {
      "comp_acc_deterministic": 4.294610264118531e-05,
      "frac_mid_valid_atomic": 0.15178584210149595,
      "frac_mid_valid_chain": 0.03445708968577768,
      "comp_acc_given_mid_valid": 0.00028293879090823354,
      "comp_acc_given_mid_invalid": 0.0,
      "n_mid_valid": 10603,
      "n_mid_invalid": 59252
    }
  }
}