{
  "real_full": {
    "top1": {
      "mean": 0.15763705658164762,
      "std": 0.0010086799125055466
    },
    "mrr": {
      "mean": 0.3574625509171848,
      "std": 0.0023677770288278825
    },
    "h1": {
      "mean": 0.26665689436137985,
      "std": 0.002008583187682278
    },
    "h3": {
      "mean": 0.3919476204436626,
      "std": 0.0027737858406067612
    },
    "h10": {
      "mean": 0.5405452946350044,
      "std": 0.0033724224128939984
    }
  },
  "fhrr_full": {
    "top1": {
      "mean": 0.12622886738981726,
      "std": 0.0006028807511067002
    },
    "mrr": {
      "mean": 0.3502898415441703,
      "std": 0.020534709445448194
    },
    "h1": {
      "mean": 0.26184892016026573,
      "std": 0.01667268123606966
    },
    "h3": {
      "mean": 0.38990520863871786,
      "std": 0.02366959260467518
    },
    "h10": {
      "mean": 0.523785791068113,
      "std": 0.02808376580130353
    }
  },
  "real_margin": {
    "mean": -1.9190016905296943,
    "pos_frac": 0.156298828125
  },
  "fhrr_margin": {
    "mean": -1.8188081274293701,
    "pos_frac": 0.124853515625
  },
  "real_zs": {
    "acc": 0.0001689213370553289,
    "binom_p": 0.21955049609608843
  },
  "fhrr_zs": {
    "acc": 2.863073509412354e-05,
    "binom_p": 0.8469710115938861
  },
  "chance": 6.766815536608472e-05,
  "test_n": 20466,
  "per_seed": {
    "1": {
      "real_full": {
        "top1": 0.15806703801426755,
        "mrr": 0.3606459541173987,
        "h1": 0.2688849799667742,
        "h3": 0.3970487638033812,
        "h10": 0.544463989055018,
        "n": 20466
      },
      "fhrr_full": {
        "top1": 0.12513436919769375,
        "mrr": 0.3913437556981072,
        "h1": 0.2951724811883123,
        "h3": 0.4372129385321997,
        "h10": 0.5798397341932962,
        "n": 20466
      },
      "real_margin": {
        "margin_mean": -1.9293589242442977,
        "margin_std": 3.7223644044752104,
        "margin_positive_frac": 0.15966796875,
        "n": 4096
      },
      "fhrr_margin": {
        "margin_mean": -1.9513967254519002,
        "margin_std": 2.480871361895834,
        "margin_positive_frac": 0.125,
        "n": 4096
      },
      "real_zs": {
        "correct": 19,
        "total": 69855,
        "acc": 0.0002719919833941736,
        "chance": 6.766815536608472e-05,
        "binom_p_greater_than_chance": 6.218852281849761e-07
      },
      "fhrr_zs": {
        "correct": 6,
        "total": 69855,
        "acc": 8.589220528237062e-05,
        "chance": 6.766815536608472e-05,
        "binom_p_greater_than_chance": 0.33625008579407795
      }
    },
    "2": {
      "real_full": {
        "top1": 0.15899540701651518,
        "mrr": 0.3549499467779117,
        "h1": 0.26478061174631096,
        "h3": 0.3902570116290433,
        "h10": 0.5361086680347894,
        "n": 20466
      },
      "fhrr_full": {
        "top1": 0.12635590735854588,
        "mrr": 0.33969776928689877,
        "h1": 0.2541776605101143,
        "h3": 0.3772109840711424,
        "h10": 0.5094791361282126,
        "n": 20466
      },
      "real_margin": {
        "margin_mean": -1.9436956747085787,
        "margin_std": 3.5365762344885505,
        "margin_positive_frac": 0.1552734375,
        "n": 4096
      },
      "fhrr_margin": {
        "margin_mean": -1.78598828310351,
        "margin_std": 2.09179660320802,
        "margin_positive_frac": 0.1240234375,
        "n": 4096
      },
      "real_zs": {
        "correct": 15,
        "total": 69855,
        "acc": 0.00021473051320592657,
        "chance": 6.766815536608472e-05,
        "binom_p_greater_than_chance": 0.00012504341383918593
      },
      "fhrr_zs": {
        "correct": 2,
        "total": 69855,
        "acc": 2.863073509412354e-05,
        "chance": 6.766815536608472e-05,
        "binom_p_greater_than_chance": 0.9493024860876762
      }
    },
    "3": {
      "real_full": {
        "top1": 0.15816476106713573,
        "mrr": 0.35553058610458166,
        "h1": 0.26522036548421773,
        "h3": 0.3893286426267957,
        "h10": 0.5382585751978892,
        "n": 20466
      },
      "fhrr_full": {
        "top1": 0.1263070458321118,
        "mrr": 0.3410334816049627,
        "h1": 0.25354246066647124,
        "h3": 0.3793120297078081,
        "h10": 0.5126062738199941,
        "n": 20466
      },
      "real_margin": {
        "margin_mean": -1.8956294812596752,
        "margin_std": 3.8596877031973347,
        "margin_positive_frac": 0.155029296875,
        "n": 4096
      },
      "fhrr_margin": {
        "margin_mean": -1.7659127048835899,
        "margin_std": 2.0936804113085627,
        "margin_positive_frac": 0.1259765625,
        "n": 4096
      },
      "real_zs": {
        "correct": 16,
        "total": 69855,
        "acc": 0.00022904588075298832,
        "chance": 6.766815536608472e-05,
        "binom_p_greater_than_chance": 3.611219653832233e-05
      },
      "fhrr_zs": {
        "correct": 0,
        "total": 69855,
        "acc": 0.0,
        "chance": 6.766815536608472e-05,
        "binom_p_greater_than_chance": 1.0
      }
    },
    "4": {
      "real_full": {
        "top1": 0.15669891527411317,
        "mrr": 0.35997154365666145,
        "h1": 0.2693247337046809,
        "h3": 0.3926512264243135,
        "h10": 0.544463989055018,
        "n": 20466
      },
      "fhrr_full": {
        "top1": 0.12635590735854588,
        "mrr": 0.34003290841282297,
        "h1": 0.2539333528779439,
        "h3": 0.37872569139059903,
        "h10": 0.5100166129189876,
        "n": 20466
      },
      "real_margin": {
        "margin_mean": -1.845213002350647,
        "margin_std": 4.160474345100451,
        "margin_positive_frac": 0.15673828125,
        "n": 4096
      },
      "fhrr_margin": {
        "margin_mean": -1.7926857639340739,
        "margin_std": 2.1253798300184195,
        "margin_positive_frac": 0.125,
        "n": 4096
      },
      "real_zs": {
        "correct": 1,
        "total": 69855,
        "acc": 1.431536754706177e-05,
        "chance": 6.766815536608472e-05,
        "binom_p_greater_than_chance": 0.9911480626349153
      },
      "fhrr_zs": {
        "correct": 0,
        "total": 69855,
        "acc": 0.0,
        "chance": 6.766815536608472e-05,
        "binom_p_greater_than_chance": 1.0
      }
    },
    "42": {
      "real_full": {
        "top1": 0.1562591615362064,
        "mrr": 0.35621472392937065,
        "h1": 0.26507378090491546,
        "h3": 0.39045245773477966,
        "h10": 0.5394312518323072,
        "n": 20466
      },
      "fhrr_full": {
        "top1": 0.126991107202189,
        "mrr": 0.3393412927180602,
        "h1": 0.25241864555848725,
        "h3": 0.3770643994918401,
        "h10": 0.5069871982800743,
        "n": 20466
      },
      "real_margin": {
        "margin_mean": -1.981111370085273,
        "margin_std": 3.7543720640439786,
        "margin_positive_frac": 0.15478515625,
        "n": 4096
      },
      "fhrr_margin": {
        "margin_mean": -1.7980571597737764,
        "margin_std": 2.0732746909742565,
        "margin_positive_frac": 0.124267578125,
        "n": 4096
      },
      "real_zs": {
        "correct": 8,
        "total": 69855,
        "acc": 0.00011452294037649416,
        "chance": 6.766815536608472e-05,
        "binom_p_greater_than_chance": 0.1064426403499212
      },
      "fhrr_zs": {
        "correct": 2,
        "total": 69855,
        "acc": 2.863073509412354e-05,
        "chance": 6.766815536608472e-05,
        "binom_p_greater_than_chance": 0.9493024860876762
      }
    }
  },
  "seeds": [
    1,
    2,
    3,
    4,
    42
  ]
}