{
  "fhrr_metrics": {
    "top1": {
      "mean": 0.12622886738981726,
      "std": 0.0006028807511067002
    },
    "mrr": {
      "mean": 0.3489273647352092,
      "std": 0.017391467978836537
    },
    "h1": {
      "mean": 0.25880000000000003,
      "std": 0.012188519188154083
    },
    "h3": {
      "mean": 0.387,
      "std": 0.026076809620810597
    },
    "h10": {
      "mean": 0.5288,
      "std": 0.030564031147739642
    }
  },
  "phase_error": {
    "hop1": {
      "mae": [
        1.5367162942886352,
        0.004967950393258739
      ],
      "frac_over_pi2": [
        0.48322362303733823,
        0.0025902908829939374
      ],
      "circ_var": [
        0.9733919959515334,
        0.003948858100620848
      ]
    },
    "hop2": {
      "mae": [
        1.5855259418487548,
        0.007146923684324054
      ],
      "frac_over_pi2": [
        0.5082172632217408,
        0.0038764962425743687
      ],
      "circ_var": [
        0.9873841691529378,
        0.0060733293031550615
      ]
    },
    "uniform_mae": 1.5707963267948966
  },
  "per_seed": {
    "1": {
      "fhrr_metrics": {
        "top1": 0.12513436919769375,
        "mrr": 0.3834614074078304,
        "h1": 0.281,
        "h3": 0.439,
        "h10": 0.589
      },
      "phase_error": {
        "hop1": {
          "mae": 1.5313712358474731,
          "std": 1.7833240032196045,
          "frac_over_pi2": 0.480048805475235,
          "circ_var": 0.969071913510561
        },
        "hop2": {
          "mae": 1.5723687410354614,
          "std": 1.8151427507400513,
          "frac_over_pi2": 0.5012035965919495,
          "circ_var": 0.9987573073012754
        },
        "uniform_mae": 1.5707963267948966,
        "uniform_frac": 0.5,
        "uniform_cvar": 1.0
      }
    },
    "2": {
      "fhrr_metrics": {
        "top1": 0.12635590735854588,
        "mrr": 0.3363253428760905,
        "h1": 0.247,
        "h3": 0.373,
        "h10": 0.511
      },
      "phase_error": {
        "hop1": {
          "mae": 1.5454317331314087,
          "std": 1.794259786605835,
          "frac_over_pi2": 0.4872412085533142,
          "circ_var": 0.9801374319940805
        },
        "hop2": {
          "mae": 1.5922287702560425,
          "std": 1.8254197835922241,
          "frac_over_pi2": 0.5121411085128784,
          "circ_var": 0.9829160459339619
        },
        "uniform_mae": 1.5707963267948966,
        "uniform_frac": 0.5,
        "uniform_cvar": 1.0
      }
    },
    "3": {
      "fhrr_metrics": {
        "top1": 0.1263070458321118,
        "mrr": 0.34190911699063586,
        "h1": 0.254,
        "h3": 0.371,
        "h10": 0.516
      },
      "phase_error": {
        "hop1": {
          "mae": 1.5338207483291626,
          "std": 1.7849137783050537,
          "frac_over_pi2": 0.4816845655441284,
          "circ_var": 0.9709759168326855
        },
        "hop2": {
          "mae": 1.5912412405014038,
          "std": 1.8244941234588623,
          "frac_over_pi2": 0.5108276009559631,
          "circ_var": 0.9816145896911621
        },
        "uniform_mae": 1.5707963267948966,
        "uniform_frac": 0.5,
        "uniform_cvar": 1.0
      }
    },
    "4": {
      "fhrr_metrics": {
        "top1": 0.12635590735854588,
        "mrr": 0.3419387831560803,
        "h1": 0.262,
        "h3": 0.375,
        "h10": 0.506
      },
      "phase_error": {
        "hop1": {
          "mae": 1.5387567281723022,
          "std": 1.789442777633667,
          "frac_over_pi2": 0.485107421875,
          "circ_var": 0.9753830917179585
        },
        "hop2": {
          "mae": 1.5844097137451172,
          "std": 1.8187114000320435,
          "frac_over_pi2": 0.5071117877960205,
          "circ_var": 0.9875850845128298
        },
        "uniform_mae": 1.5707963267948966,
        "uniform_frac": 0.5,
        "uniform_cvar": 1.0
      }
    },
    "42": {
      "fhrr_metrics": {
        "top1": 0.126991107202189,
        "mrr": 0.3410021732454087,
        "h1": 0.25,
        "h3": 0.377,
        "h10": 0.522
      },
      "phase_error": {
        "hop1": {
          "mae": 1.5342010259628296,
          "std": 1.7855442762374878,
          "frac_over_pi2": 0.48203611373901367,
          "circ_var": 0.9713916257023811
        },
        "hop2": {
          "mae": 1.5873812437057495,
          "std": 1.820052146911621,
          "frac_over_pi2": 0.5098022222518921,
          "circ_var": 0.98604781832546
        },
        "uniform_mae": 1.5707963267948966,
        "uniform_frac": 0.5,
        "uniform_cvar": 1.0
      }
    }
  },
  "seeds": [
    1,
    2,
    3,
    4,
    42
  ]
}