{
  "real_hrr_baseline": {
    "test_acc": {
      "mean": 0.15763705658164762,
      "std": 0.0010086799125055466
    },
    "zero_shot_acc": {
      "mean": 0.0002118674396965142,
      "std": 0.00013101494454109284
    },
    "mrr": {
      "mean": 0.3616264950739499,
      "std": 0.004693363385720715
    },
    "h1": {
      "mean": 0.2754,
      "std": 0.009604165762834361
    },
    "h10": {
      "mean": 0.5402000000000001,
      "std": 0.008494704232638128
    }
  },
  "ablation_no_hopfield": {
    "test_acc": {
      "mean": 0.08135444151275287,
      "std": 0.010532668431849959
    },
    "zero_shot_acc": {
      "mean": 0.0002519504688282872,
      "std": 9.607307557404633e-05
    }
  },
  "beta_sweep_sample": {
    "1": 0.0005296685992412856,
    "5": 0.00045809176150597665,
    "10": 0.0005296685992412856,
    "20": 0.00031493808603535897,
    "50": 0.00022904588075298832
  },
  "fhrr_probes_sample": {
    "moduli": {
      "01_initial": 1.0,
      "02_after_bind_1": 1.0,
      "03_before_cleanup_1": 1.0045766830444336,
      "04_after_cleanup_1": 1.0,
      "05_after_bind_2": 1.0,
      "06_before_cleanup_2": 1.0045766830444336,
      "07_after_cleanup_2": 1.0
    },
    "renorm_acc": 0.0,
    "hard_acc": 0.0,
    "theory_floor": 0.007290160831217383,
    "random_baseline": 6.766815536608472e-05
  },
  "per_seed_results": {
    "1": {
      "real_hrr_baseline": {
        "test_acc": 0.15806703801426755,
        "zero_shot_acc": 0.0004437763939589149,
        "mrr": 0.3655954993507846,
        "h1": 0.287,
        "h3": 0.383,
        "h10": 0.541
      },
      "ablation_no_hopfield": {
        "test_acc": 0.08961203948011336,
        "zero_shot_acc": 0.00040083029131772957
      },
      "beta_sweep": {
        "1": 0.0005296685992412856,
        "5": 0.00045809176150597665,
        "10": 0.0005296685992412856,
        "20": 0.00031493808603535897,
        "50": 0.00022904588075298832
      },
      "fhrr_probes": {
        "moduli": {
          "01_initial": 1.0,
          "02_after_bind_1": 1.0,
          "03_before_cleanup_1": 1.0045766830444336,
          "04_after_cleanup_1": 1.0,
          "05_after_bind_2": 1.0,
          "06_before_cleanup_2": 1.0045766830444336,
          "07_after_cleanup_2": 1.0
        },
        "renorm_acc": 0.0,
        "hard_acc": 0.0,
        "theory_floor": 0.007290160831217383,
        "random_baseline": 6.766815536608472e-05
      }
    },
    "2": {
      "real_hrr_baseline": {
        "test_acc": 0.15899540701651518,
        "zero_shot_acc": 0.0002576766158471119,
        "mrr": 0.3589632041867993,
        "h1": 0.278,
        "h3": 0.384,
        "h10": 0.538
      },
      "ablation_no_hopfield": {
        "test_acc": 0.06053943125183231,
        "zero_shot_acc": 0.00012883830792355595
      },
      "beta_sweep": {
        "1": 0.0002576766158471119,
        "5": 0.0003006227184882972,
        "10": 0.00017178441056474124,
        "20": 0.00012883830792355595,
        "50": 5.726147018824708e-05
      },
      "fhrr_probes": {
        "moduli": {
          "01_initial": 1.0,
          "02_after_bind_1": 1.0,
          "03_before_cleanup_1": 0.9068117141723633,
          "04_after_cleanup_1": 1.0,
          "05_after_bind_2": 1.0,
          "06_before_cleanup_2": 0.9068117737770081,
          "07_after_cleanup_2": 1.0
        },
        "renorm_acc": 0.0,
        "hard_acc": 0.0,
        "theory_floor": 0.007290160831217383,
        "random_baseline": 6.766815536608472e-05
      }
    },
    "3": {
      "real_hrr_baseline": {
        "test_acc": 0.15816476106713573,
        "zero_shot_acc": 0.00017178441056474124,
        "mrr": 0.36870007288523776,
        "h1": 0.283,
        "h3": 0.404,
        "h10": 0.532
      },
      "ablation_no_hopfield": {
        "test_acc": 0.08589856347112283,
        "zero_shot_acc": 0.0003006227184882972
      },
      "beta_sweep": {
        "1": 0.0001431536754706177,
        "5": 7.157683773530885e-05,
        "10": 0.00018609977811180303,
        "20": 0.00017178441056474124,
        "50": 4.294610264118531e-05
      },
      "fhrr_probes": {
        "moduli": {
          "01_initial": 1.0,
          "02_after_bind_1": 1.0,
          "03_before_cleanup_1": 0.9103178977966309,
          "04_after_cleanup_1": 1.0,
          "05_after_bind_2": 1.0,
          "06_before_cleanup_2": 0.9103178977966309,
          "07_after_cleanup_2": 1.0
        },
        "renorm_acc": 0.0,
        "hard_acc": 0.0,
        "theory_floor": 0.007290160831217383,
        "random_baseline": 6.766815536608472e-05
      }
    },
    "4": {
      "real_hrr_baseline": {
        "test_acc": 0.15669891527411317,
        "zero_shot_acc": 8.589220528237062e-05,
        "mrr": 0.35847377340638253,
        "h1": 0.268,
        "h3": 0.386,
        "h10": 0.556
      },
      "ablation_no_hopfield": {
        "test_acc": 0.08487247141600704,
        "zero_shot_acc": 0.0002576766158471119
      },
      "beta_sweep": {
        "1": 0.00018609977811180303,
        "5": 5.726147018824708e-05,
        "10": 4.294610264118531e-05,
        "20": 4.294610264118531e-05,
        "50": 0.00012883830792355595
      },
      "fhrr_probes": {
        "moduli": {
          "01_initial": 1.0,
          "02_after_bind_1": 1.0,
          "03_before_cleanup_1": 0.9122307300567627,
          "04_after_cleanup_1": 1.0,
          "05_after_bind_2": 1.0,
          "06_before_cleanup_2": 0.9122307300567627,
          "07_after_cleanup_2": 1.0
        },
        "renorm_acc": 0.0,
        "hard_acc": 0.0,
        "theory_floor": 0.007290160831217383,
        "random_baseline": 6.766815536608472e-05
      }
    },
    "42": {
      "real_hrr_baseline": {
        "test_acc": 0.1562591615362064,
        "zero_shot_acc": 0.00010020757282943239,
        "mrr": 0.35639992554054517,
        "h1": 0.261,
        "h3": 0.398,
        "h10": 0.534
      },
      "ablation_no_hopfield": {
        "test_acc": 0.08584970194468876,
        "zero_shot_acc": 0.00017178441056474124
      },
      "beta_sweep": {
        "1": 0.00010020757282943239,
        "5": 0.00012883830792355595,
        "10": 7.157683773530885e-05,
        "20": 0.0001431536754706177,
        "50": 8.589220528237062e-05
      },
      "fhrr_probes": {
        "moduli": {
          "01_initial": 1.0,
          "02_after_bind_1": 1.0,
          "03_before_cleanup_1": 0.9106664061546326,
          "04_after_cleanup_1": 1.0,
          "05_after_bind_2": 1.0,
          "06_before_cleanup_2": 0.9106664061546326,
          "07_after_cleanup_2": 1.0
        },
        "renorm_acc": 0.0,
        "hard_acc": 0.0,
        "theory_floor": 0.007290160831217383,
        "random_baseline": 6.766815536608472e-05
      }
    }
  },
  "seeds_used": [
    1,
    2,
    3,
    4,
    42
  ],
  "num_seeds": 5
}